Pension Fund,Person
Bakkersbedrijf BPF,J. van de Vall
Bakkersbedrijf BPF,M. Jacobs-Teunissen
Bakkersbedrijf BPF,P. van der Heijden
Bakkersbedrijf BPF,A.C. Tromp
Bakkersbedrijf BPF,P. Mannaert
Bakkersbedrijf BPF,T. Volkeri
Bakkersbedrijf BPF,L. van Beekum
Bakkersbedrijf BPF,A. van Hienen
Bakkersbedrijf BPF,R. Barnhoorn
Bakkersbedrijf BPF,R. Lahoye
Bakkersbedrijf BPF,M. van Straten
Bakkersbedrijf BPF,S. Borghouts
Bakkersbedrijf BPF,Y. Pieters
Zoetwarenindustrie,W. Bakermans
Zoetwarenindustrie,F. Bambang Oetomo
Zoetwarenindustrie,J. Groen
Zoetwarenindustrie,E. Schuurhuis
Zoetwarenindustrie,J. Hendriks
Zoetwarenindustrie,L.F.A.M. Jansen
Zoetwarenindustrie,J. Spruijt
Zoetwarenindustrie,H. Hermans
Zoetwarenindustrie,Y. Pieters
Notarieel,E. Greup
Notarieel,J. Borren
Notarieel,H. Idzerda
Notarieel,R. Oosterhout
Notarieel,M. de Waal
Notarieel,Y. Pieters
Notariaat,A. Marks
Notariaat,J. Loof
Notariaat,M. van Gaalen
Notariaat,C. Michielse
Notariaat,A. Baakman
Notariaat,A. Hoekstra
Notariaat,A.J.M. Jansen
Notariaat,L. Bosselaar